[
    {
      "name": "ران گوساله",
      "images": [{"url": "https://torshizimeat.ir/v1/upload/images/ads/cow_ran_goosale.jpg"}],
      "category": "Cow",
      "new_price": 50.0,
      "price": 80.5,
      "seller": "Def", 
      "stock": 999
    },
    {
      "name": "سردست گوساله",
      "images": [{"url": "https://torshizimeat.ir/v1/upload/images/ads/cow_sardast_goosale.jpg"}],
      "category": "Cow",
      "new_price": 85.0,
      "price": 120.5,
      "seller": "Def", 
      "stock": 999
    },
    {
      "name": "راسته گوساله",
      "images": [{"url": "https://torshizimeat.ir/v1/upload/images/ads/cow_raste_goosale.jpg"}],
      "category": "Cow",
      "new_price": 60.0,
      "price": 100.5,
      "seller": "Def", 
      "stock": 999
    },
    {
      "name": "گردن گوساله",
      "images": [{"url": "https://torshizimeat.ir/v1/upload/images/ads/cow_gardan_goosale.jpg"}],
      "category": "Cow",
      "new_price": 100.0,
      "price": 150.0,
      "seller": "Def", 
      "stock": 999
    },
    {
      "name": "فیله گوساله",
      "images": [{"url": "https://torshizimeat.ir/v1/upload/images/ads/cow_fileh_goosale.jpg"}],
      "category": "Cow",
      "new_price": 85.0,
      "price": 120.5,
      "seller": "Def", 
      "stock": 999
    },
    {
      "name": "قلوه گاه گوساله",
      "images": [{"url": "https://torshizimeat.ir/v1/upload/images/ads/cow_golvegah_goosale.jpg"}],
      "category": "Cow",
      "new_price": 85.0,
      "price": 120.5,
      "seller": "Def", 
      "stock": 999
    },
    {
      "name": "لاشه گوساله",
      "images": [{"url": "https://torshizimeat.ir/v1/upload/images/ads/cow_lashe_goosale.jpg"}],
      "category": "Cow",
      "new_price": 85.0,
      "price": 120.5,
      "seller": "Def", 
      "stock": 999
    },
    {
      "name": "ران گوسفند",
      "images": [{"url": "https://torshizimeat.ir/v1/upload/images/ads/sheep_ran_goosfand.jpg"}],
      "category": "Sheep",
      "new_price": 85.0,
      "price": 120.5,
      "seller": "Def", 
      "stock": 999
    },
    {
      "name": "سردست گوسفند",
      "images": [{"url": "https://torshizimeat.ir/v1/upload/images/ads/sheep_sardast_goosfand.jpg"}],
      "category": "Sheep",
      "new_price": 85.0,
      "price": 120.5,
      "seller": "Def", 
      "stock": 999
    },
    {
      "name": "راسته گوسفند",
      "images": [{"url": "https://torshizimeat.ir/v1/upload/images/ads/sheep_raste_goosfand.jpg"}],
      "category": "Sheep",
      "new_price": 85.0,
      "price": 120.5,
      "seller": "Def", 
      "stock": 999
    },
    {
      "name": "گردن گوسفند",
      "images": [{"url": "https://torshizimeat.ir/v1/upload/images/ads/sheep_gardan_goosfand.jpg"}],
      "category": "Sheep",
      "new_price": 85.0,
      "price": 120.5,
      "seller": "Def", 
      "stock": 999
    },
    {
      "name": "فیله گوسفند",
      "images": [{"url": "https://torshizimeat.ir/v1/upload/images/ads/sheep_fileh_goosfand.jpg"}],
      "category": "Sheep",
      "new_price": 85.0,
      "price": 120.5,
      "seller": "Def", 
      "stock": 999
    },
    {
      "name": "قلوه گاه گوسفند",
      "images": [{"url": "https://torshizimeat.ir/v1/upload/images/ads/sheep_golvegah_goosfand.jpg"}],
      "category": "Sheep",
      "new_price": 85.0,
      "price": 120.5,
      "seller": "Def", 
      "stock": 999
    },
    {
      "name": "لاشه گوسفند",
      "images": [{"url": "https://torshizimeat.ir/v1/upload/images/ads/sheep_raste_ba_ostokhan_goosfand.jpg"}],
      "category": "Sheep",
      "new_price": 85.0,
      "price": 120.5,
      "seller": "Def", 
      "stock": 999
    }
  ]