[
    {
      "name": "ران گوساله",
      "image": "upload/images/products/cow_ran_goosale.jpg",
      "category": "Cow",
      "new_price": 50.0,
      "price": 80.5,
      "seller": "Def", 
      "stock": 999
    },
    {
      "name": "سردست گوساله",
      "image": "upload/images/products/cow_sardast_goosale.jpg",
      "category": "Cow",
      "new_price": 85.0,
      "price": 120.5,
      "seller": "Def", 
      "stock": 999
    },
    {
      "name": "راسته گوساله",
      "image": "upload/images/products/cow_raste_goosale.jpg",
      "category": "Cow",
      "new_price": 60.0,
      "price": 100.5,
      "seller": "Def", 
      "stock": 999
    },
    {
      "name": "گردن گوساله",
      "image": "upload/images/products/cow_gardan_goosale.jpg",
      "category": "Cow",
      "new_price": 100.0,
      "price": 150.0,
      "seller": "Def", 
      "stock": 999
    },
    {
      "name": "فیله گوساله",
      "image": "upload/images/products/cow_fileh_goosale.jpg",
      "category": "Cow",
      "new_price": 85.0,
      "price": 120.5,
      "seller": "Def", 
      "stock": 999
    },
    {
      "name": "قلوه گاه گوساله",
      "image": "upload/images/products/cow_golvegah_goosale.jpg",
      "category": "Cow",
      "new_price": 85.0,
      "price": 120.5,
      "seller": "Def", 
      "stock": 999
    },
    {
      "name": "لاشه گوساله",
      "image": "upload/images/products/cow_lashe_goosale.jpg",
      "category": "Cow",
      "new_price": 85.0,
      "price": 120.5,
      "seller": "Def", 
      "stock": 999
    },
    {
      "name": "ران گوسفند",
      "image": "upload/images/products/sheep_ran_goosfand.jpg",
      "category": "Sheep",
      "new_price": 85.0,
      "price": 120.5,
      "seller": "Def", 
      "stock": 999
    },
    {
      "name": "سردست گوسفند",
      "image": "upload/images/products/sheep_sardast_goosfand.jpg",
      "category": "Sheep",
      "new_price": 85.0,
      "price": 120.5,
      "seller": "Def", 
      "stock": 999
    },
    {
      "name": "راسته گوسفند",
      "image": "upload/images/products/sheep_raste_goosfand.jpg",
      "category": "Sheep",
      "new_price": 85.0,
      "price": 120.5,
      "seller": "Def", 
      "stock": 999
    },
    {
      "name": "گردن گوسفند",
      "image": "upload/images/products/sheep_gardan_goosfand.jpg",
      "category": "Sheep",
      "new_price": 85.0,
      "price": 120.5,
      "seller": "Def", 
      "stock": 999
    },
    {
      "name": "فیله گوسفند",
      "image": "upload/images/products/sheep_fileh_goosfand.jpg",
      "category": "Sheep",
      "new_price": 85.0,
      "price": 120.5,
      "seller": "Def", 
      "stock": 999
    },
    {
      "name": "قلوه گاه گوسفند",
      "image": "upload/images/products/sheep_golvegah_goosfand.jpg",
      "category": "Sheep",
      "new_price": 85.0,
      "price": 120.5,
      "seller": "Def", 
      "stock": 999
    },
    {
      "name": "لاشه گوسفند",
      "image": "upload/images/products/sheep_raste_ba_ostokhan_goosfand.jpg",
      "category": "Sheep",
      "new_price": 85.0,
      "price": 120.5,
      "seller": "Def", 
      "stock": 999
    }
  ]